Id,y
0,-66.00242349023131
1,451.4065044011531
2,-461.67641706029735
3,40.50120875372484
4,-126.74472245403858
5,-342.5345518192529
6,-396.55554211358805
7,335.54127907908685
8,-99.51242087062442
9,304.81253980627554
10,68.89453048978625
11,412.36919545590746
12,54.94237102476778
13,-17.005550754780366
14,-597.8499575722615
15,443.50228878641326
16,144.77448697804238
17,-57.41116367253748
18,134.38782757746384
19,-108.98377598910903
20,153.8248284250675
21,611.7359836022029
22,588.3896503384229
23,-131.01679995801967
24,-61.1356211412282
25,-374.2484953169721
26,74.1579930796547
27,137.43837873610386
28,420.08661179678995
29,196.7656257134462
30,268.4428498005331
31,638.4749102511088
32,127.37873138691639
33,1.3491187584003115
34,22.71045317740581
35,342.239534522565
36,307.7039669741713
37,348.1382087009417
38,-168.65286130735348
39,-20.221130904618192
40,-551.7499275731095
41,-429.971804066742
42,261.8919587067421
43,389.82042612922044
44,-96.16562227356641
45,-210.7108012563273
46,278.88186878401325
47,-427.4533010310483
48,-172.90325291757026
49,467.264378355783
50,-631.5587355874391
51,-355.531659338177
52,143.1732755386037
53,69.19920259894178
54,275.5882739767272
55,-263.1886122041039
56,167.49830723241104
57,104.57789589014105
58,230.07008661007723
59,20.98802664457699
60,-4.822581262502536
61,-201.92294081063835
62,560.0639265657707
63,55.288476252448284
64,671.3015746918329
65,-493.7487382852283
66,-279.353036732592
67,-53.712527613145774
68,379.6981955009763
69,315.0714108579852
70,169.13001732614197
71,-271.59930326900985
72,783.8022226750336
73,44.577311515548445
74,57.40678005457973
75,-161.07827414306905
76,-220.6695784788566
77,223.24129442929038
78,352.6655955437571
79,13.163291366266026
80,-461.9941469857293
81,305.3721466914242
82,-230.5965617386095
83,359.0744432425437
84,-430.26056337592047
85,-115.54882205546544
86,-88.96006387867358
87,-488.29018980804227
88,-139.35033854713586
89,57.33880810852499
90,-190.3362427216645
91,-6.5080929148237985
92,189.2910777470176
93,346.60367818565527
94,871.6273206485914
95,-147.013537386539
96,443.48993777943116
97,-30.498432974439613
98,185.46345753445738
99,-119.91717151732735
100,43.57523800180981
101,58.31857155224311
102,-197.1524682983992
103,-70.47160678841182
104,-342.8460532886662
105,-29.233589873716294
106,49.522929296103015
107,-16.24614413791176
108,33.77506926160682
109,-68.88307748324092
110,25.863399493695077
111,-617.3142842716965
112,-185.90441301194946
113,323.7831061093881
114,-35.66219572212615
115,-733.5297711613838
116,-240.73856264735966
117,-381.9731466242485
118,75.31994462169432
119,36.61032645911557
120,-28.75627022502505
121,-481.1606279685901
122,408.8502304229901
123,-765.0217471991631
124,178.0726965163716
125,-7.649879385670592
126,134.79684623375869
127,-477.45851421286875
128,-248.70625301323696
129,-361.88465722386445
130,-18.75561174855387
131,7.795604374434361
132,-109.10598972538534
133,-63.073745242195216
134,591.8231837349161
135,259.61263369662976
136,-279.8658320087665
137,93.22535940051868
138,-427.28731541913464
139,84.38656633089877
140,-311.54463064415836
141,11.419268612559994
142,-297.83146842358315
143,-331.9289709686442
144,656.0132305257317
145,-476.6626813650559
146,361.1940451337723
147,-150.1852686119227
148,299.94671902432555
149,-191.7214321927055
150,151.94999511611988
151,-64.67275781576718
152,351.24486163063307
153,-370.63644575627205
154,349.22498178611033
155,273.5246096168014
156,783.1971843196873
157,-124.23788973573798
158,-155.22004432990826
159,-506.9556493864112
160,201.69321238561724
161,-415.17405715963747
162,-348.16510516956527
163,-201.95224108681128
164,-658.9504470533362
165,179.34640168171453
166,124.06925816168815
167,-209.15025355201604
168,213.70513477400544
169,-82.11721023809137
170,-97.11026989727334
171,124.26800574647919
172,50.2899156571453
173,538.7439592813365
174,630.017534554336
175,217.2592778265442
176,-491.7337413267088
177,-131.14175113883476
178,362.3930224172946
179,-14.363038055407953
180,-30.261757361676736
181,-107.32358076729814
182,-334.0625929296714
183,299.50639964643204
184,-103.47221484505525
185,179.82049946719434
186,122.20070887900829
187,86.58037161690869
188,386.4825605669922
189,-613.3611745045829
190,-269.81638738346084
191,260.7314512622866
192,-44.62016128042968
193,-159.15717576416594
194,-145.24559879357471
195,447.2282148759985
196,476.35698596959344
197,121.79421345327233
198,-1.5356790561068412
199,410.744096538778
200,90.82809979964556
201,150.0733695684496
202,24.03365296154828
203,273.8866340536286
204,-154.52926038025268
205,42.588901507065394
206,617.3417063168567
207,38.93936076142784
208,-91.43610119490278
209,225.35327477391002
210,151.05827577085594
211,-86.91664773646116
212,-101.7178895800719
213,161.93776502605428
214,357.8704141035442
215,32.14597818655416
216,-379.14539920029193
217,-165.94213222367128
218,257.45392169454055
219,-124.8385077918417
220,47.08451472299082
221,-67.0506513898036
222,287.1733441341643
223,836.2674277701618
224,-78.73329260205529
225,-293.00922915219587
226,284.9163264622554
227,377.9514320082295
228,-473.9426195897212
229,-538.8094549766021
230,-372.90475040318876
231,-83.37700889968686
232,157.4620595191118
233,167.50291456151206
234,-105.69040574319497
235,561.1616879176281
236,-149.3553189574688
237,196.96680512352313
238,-33.8199117275808
239,5.199419882336647
240,-121.70842296063232
241,53.47357981737721
242,531.2918938411225
243,-157.60262258937712
244,-183.771962392614
245,643.8322464256643
246,17.780306010129074
247,-92.07939719460151
248,485.493164605076
249,-221.23657860793938
250,490.60650504846245
251,-43.677159154248436
252,139.9332298711762
253,207.50447442761083
254,17.092647024359522
255,-396.4720331605299
256,-168.30166761529378
257,-75.59324100124496
258,-292.0735078007678
259,-59.373665346631164
260,247.36904706438406
261,206.83112758185408
262,17.462464464079694
263,-181.81148500656874
264,300.1761509454841
265,-567.6387247955877
266,311.5932728526357
267,-9.929511835493795
268,161.40782304547807
269,272.3855992297235
270,55.122457419425324
271,-15.278267412197362
272,286.40230194290075
273,387.8886119434723
274,-148.57888863638513
275,171.95235244839682
276,-411.5705922226778
277,213.80253827075126
278,133.93002437371754
279,-99.01717750124378
280,-162.41724224558087
281,-39.07419011347856
282,-295.1584521832383
283,141.32481354359638
284,163.059830053344
285,-55.455401462415885
286,-145.74067609352247
287,16.350462436353364
288,-364.2985584828277
289,558.6630187376717
290,40.05066121900654
291,67.63734504296933
292,559.8400846554657
293,469.80694715741714
294,-149.49980105452966
295,-328.8227866996947
296,425.77131704667465
297,85.50466241179308
298,-166.91553705584823
299,-662.2984070393493
300,50.28039165300374
301,-11.355718332960103
302,-451.8112644495329
303,78.67283313413108
304,-386.8187999173557
305,-273.22738305237357
306,352.0150454400222
307,-263.8480409181026
308,-214.73022299360977
309,-84.88115489738556
310,745.8832791254221
311,-418.9751084522758
312,739.1991251661935
313,-469.0774263529465
314,481.8298448656702
315,363.20797478743907
316,-270.25304182071943
317,-399.59212471613205
318,234.45728030706604
319,-38.73469357032713
320,238.36874871850796
321,28.697441990183666
322,238.23095785965523
323,-130.00744030000064
324,-681.2945617788479
325,61.58065295954416
326,-444.9298506709583
327,-14.713208392838789
328,680.4767823428574
329,288.7326064937671
330,839.9704901556707
331,416.6574765191809
332,167.35603728915893
333,-86.77953786706567
334,332.7699676004351
335,-201.33443093425325
336,-43.62508298784147
337,-107.9023777960958
338,-284.03573802516974
339,232.60855717832763
340,237.83315171540178
341,74.39980567720288
342,255.51770406364534
343,-168.64961928561019
344,68.5633460162905
345,-365.4419817252594
346,189.70649886094475
347,-369.8332497667099
348,-250.90024390237915
349,76.3135501962317
350,-344.94550923377545
351,-187.42339326812723
352,482.16975698252105
353,125.752669728859
354,450.69194375218694
355,216.17619018208103
356,34.341935719305326
357,57.51145596121647
358,-211.41949894712542
359,49.76249180949337
360,76.11104020758324
361,-29.196254490439827
362,33.04895852873531
363,364.56271216309904
364,234.4828098731532
365,-21.796554859092765
366,-476.93787704780095
367,43.56765899304591
368,-310.95721366517046
369,-46.94111622603795
370,181.19558107133633
371,-214.9624298200718
372,-80.22706031522141
373,841.2082291657406
374,102.35678708586981
375,37.29773804688091
376,77.39818275960164
377,435.79452149369143
378,111.39479265155713
379,-128.829224153873
380,573.050121058395
381,48.6024680779118
382,-68.55414659218624
383,56.68162450582926
384,-360.309931999439
385,131.9019228345044
386,-264.52589763343053
387,-378.7932497249925
388,-190.09929259976505
389,862.9152130409623
390,159.57649666231254
391,514.0204635801449
392,61.38766780340803
393,720.875895832658
394,-450.9767310398018
395,105.8944421199961
396,-27.532603044002933
397,-23.43556196677274
398,331.20599829494785
399,-156.02456394823946
400,0.9477018385605016
401,17.232405165319506
402,143.2390841702136
403,53.22645139074816
404,41.01334926979504
405,-129.39255146834742
406,430.91652104593095
407,-427.9096196573539
408,49.11400485209249
409,-221.64758038918927
410,-313.75971218684936
411,115.24452244706929
412,96.10097204453523
413,-399.91598494242163
414,-8.411407923564106
415,733.1841324374703
416,-332.4267664916502
417,83.67612042194476
418,339.7927486554419
419,-35.11570131451423
420,38.2043354338782
421,-606.198489055929
422,194.27285338946146
423,155.031551161582
424,-111.25647787348103
425,-63.33937163651703
426,403.9358187289627
427,690.9194303358616
428,75.78129943644973
429,-340.31540652357484
430,-195.76159542698107
431,40.44513870875425
432,-137.65418796029292
433,-95.67479658954389
434,290.84353787250393
435,568.4646813472767
436,351.21865075407595
437,194.71516658168346
438,-312.15084208719463
439,-518.3107868724483
440,-80.75158048061486
441,-109.91053830578504
442,491.4108364751954
443,371.48514486049254
444,343.8566446684365
445,114.60785397368258
446,-315.20442190988337
447,83.10396509307029
448,-82.599151017742
449,-182.21902722527753
450,-294.9172924513039
451,-294.21055531486894
452,611.5470417356503
453,-34.75613410359207
454,-115.04157690057815
455,263.2793379023782
456,346.05651209283747
457,194.61161526911084
458,257.3561496384947
459,-303.2080949271163
460,-173.19591085705795
461,-88.53983448578343
462,137.60161200011453
463,337.04864927806716
464,155.7252346036274
465,-250.29079290524004
466,148.06340015143448
467,333.682188609375
468,-260.3363923834264
469,340.30790922791465
470,224.68535571269507
471,-607.2797170619316
472,-54.85959294091811
473,-685.0910817258432
474,268.258270778593
475,108.79743563388284
476,-233.1676171727223
477,115.89088157850348
478,75.28875461498482
479,312.58695394034174
480,78.42590704679486
481,-509.63079643958395
482,142.1529457847468
483,-567.6096744598858
484,99.19784411012878
485,181.765693646811
486,-27.407098394358684
487,-646.821050815977
488,-261.63281625029856
489,-398.8768891978147
490,-259.41075205618307
491,-252.05740356799075
492,-25.64796722733448
493,-479.35794942314004
494,109.91068619021951
495,161.9425796911409
496,-436.80717423975585
497,-66.01220442256952
498,-73.60538265407064
499,51.00273944619507
500,7.609681032165747
501,-38.39048673108479
502,493.59597060692914
503,-303.44908054448524
504,285.3630587606861
505,236.93082121946352
506,-112.90288738209222
507,-104.91639705404496
508,70.11071172015265
509,-334.4021807746188
510,-526.1520613513322
511,26.695126681540785
512,16.625076878908427
513,-282.6239186862397
514,-156.76438922324996
515,-368.70385240105503
516,87.2669838839725
517,9.62196144939618
518,159.3385543339491
519,737.8354361900703
520,-63.52561489683796
521,253.3923454040667
522,-195.4792622604786
523,-233.60406275700683
524,672.0430027603306
525,161.0264781163405
526,-86.92388588378323
527,767.4499376317852
528,300.143454701542
529,-264.6332621205315
530,506.80692249836716
531,413.73257578605967
532,-227.9556542045875
533,270.7218219182441
534,166.2721453884308
535,467.8359469952978
536,691.0141927413307
537,-235.1955016257729
538,-204.4947563378344
539,235.5654990256702
540,481.5082289895037
541,-404.2863716261699
542,499.63459887902326
543,-280.4236242835579
544,349.635357012773
545,56.279218559325265
546,377.7838241995516
547,58.239294125081784
548,424.29981217464865
549,85.80041244154711
550,-252.99288852459026
551,172.86784495502118
552,-190.10660020571586
553,306.96428652366865
554,-179.11766493342589
555,-155.77590494004804
556,-208.75257057910844
557,-257.4259780204167
558,-187.88708045784404
559,178.95968589803317
560,769.2994246067663
561,131.4540049564647
562,-86.3360584772552
563,-440.78969412879877
564,522.2063378416952
565,74.26044537058769
566,-273.34519080824947
567,23.885483202722803
568,-140.88619011673703
569,337.441893325464
570,63.42512024403311
571,-78.12104360563839
572,-209.41596150610698
573,-354.3022169957893
574,261.54958940727414
575,252.7847530350225
576,415.33279349639713
577,-341.41062177496235
578,-101.54306561728897
579,-82.98003734434691
580,-146.19185945083163
581,-400.9570095088498
582,114.68810161530561
583,-318.4094491728417
584,-27.128651113152753
585,253.3920635503227
586,-15.161597235908511
587,490.27631015669965
588,67.16055415516068
589,-583.6536301606615
590,566.8292227808791
591,-659.7840206113418
592,-280.344586576632
593,-618.4849576034632
594,-403.08152177208314
595,52.58079586777752
596,154.137247817905
597,-187.18724588645716
598,45.064322864018834
599,389.8698024589763
600,497.4944277009721
601,-172.60466145697077
602,-199.488048306913
603,146.33213540458834
604,-745.9314211823635
605,-230.935782346796
606,-157.73768823510463
607,170.55585672160512
608,58.52819579127399
609,21.778235377083988
610,-33.8454323885947
611,527.0115321450193
612,370.3597932478208
613,-83.7088492933673
614,-297.86678182751774
615,379.6300416409046
616,-194.4998186788637
617,-59.08115423923887
618,-59.05074145608382
619,-265.7953310406407
620,-488.32421484496325
621,-28.133316815095352
622,-110.8972425166405
623,642.519819874313
624,-25.104958245574792
625,368.2746547201481
626,274.79921352704304
627,416.5261293363829
628,110.57324867984323
629,561.3783520521657
630,497.1437621157768
631,-201.60987734450975
632,-370.0522982615877
633,731.0573724235956
634,-380.1370791551677
635,-200.6025155052093
636,272.08601189375463
637,269.84058991076193
638,-243.56399508534437
639,-80.64209434586844
640,-467.97701289855326
641,384.1033091717148
642,-158.51464076438072
643,-321.14290897908097
644,-72.3070981215844
645,244.89650104863125
646,-111.76687989927662
647,-71.3035416162866
648,-97.1490053451396
649,387.99285294446395
650,134.0797608254545
651,-372.72453971834494
652,-153.89734891410484
653,376.05572467830535
654,-45.066999727282194
655,29.111024201618932
656,-164.38841371392374
657,291.3802875570232
658,-389.64290898924565
659,-145.45381366072692
660,276.50614199272326
661,-134.09381091719055
662,82.9481115548109
663,143.7733706105278
664,230.8537782304085
665,649.898046991348
666,188.10011410399272
667,170.7722161437638
668,-533.8474844790471
669,-516.1349688253704
670,-356.78697467216466
671,480.90374320564746
672,-54.535992961677024
673,-272.6605720403789
674,-89.16369341976608
675,-97.40004082496232
676,-264.29803775062584
677,-558.8516759610391
678,-18.22317398982475
679,238.68337858798193
680,-107.49682687897487
681,-439.7371496922762
682,-366.08737762044996
683,540.4744022919001
684,-335.919229539991
685,128.98481364662385
686,-360.46505927788536
687,-211.0145865682007
688,115.70383605399755
689,-723.6333562247706
690,380.89392210560936
691,24.30096980575296
692,-145.38761452741005
693,-157.28295617853675
694,134.1033600367309
695,215.95710077116385
696,-310.20616373438935
697,18.018883693843595
698,-287.1696947296564
699,-244.82888943623968
700,-126.15190632103003
701,-276.8510336971999
702,-63.90282319538541
703,-268.29074198436297
704,80.99060618707753
705,135.49197649147948
706,265.8617173707381
707,290.153389318573
708,72.85750706987594
709,-88.64501838284409
710,-562.5238017086132
711,-257.96859166459296
712,-88.32818773227753
713,-608.9048913545754
714,16.648129846869622
715,-117.99664144508614
716,244.48813585825144
717,60.961320646526254
718,640.850472611427
719,15.073592658661322
720,135.00644430477294
721,39.52337453323325
722,86.445605741344
723,20.33765461545456
724,217.4424202319793
725,-8.574845990249505
726,172.39758731740014
727,-326.0037487732921
728,347.58134072403743
729,128.95803909114775
730,-379.75008861295413
731,-134.7069570566268
732,153.56888514342143
733,-72.122786088971
734,183.30848830572683
735,-456.5387761913808
736,152.27530162599604
737,-20.65828059907086
738,245.62232835465696
739,776.4009728233551
740,-320.14345296022725
741,-479.31970828477824
742,-69.75434860290727
743,-372.0104531960493
744,397.2822473818063
745,94.972930251542
746,-545.8700939849739
747,92.71733084803212
748,456.6232467986967
749,140.33519629204073
750,-542.6167845034431
751,33.25617847305699
752,237.54555311936716
753,-260.5147806037746
754,-227.74117804894462
755,-18.37420794464512
756,357.2320793577922
757,234.16866322379423
758,309.0494908647162
759,109.4162090726794
760,297.04627719533715
761,431.28271868977197
762,-285.9027541516839
763,-461.1231850605647
764,458.84116852029223
765,-35.13247865793416
766,-138.96677867277964
767,435.8781113541388
768,-327.5517324812425
769,-16.175842225601816
770,32.68738315096983
771,-143.1103609361324
772,-82.91163796819414
773,-26.395849579091664
774,-295.9065424837698
775,-300.9445513092778
776,-157.03746176056168
777,-444.1054251705683
778,55.54295923374478
779,136.09573343373748
780,-59.934234414137435
781,774.7869393558549
782,-291.82146940254154
783,449.654513358054
784,-231.20082491305206
785,88.18058840405118
786,511.68238161594604
787,27.698913991855385
788,69.71900343078686
789,-684.0304286748202
790,-181.16575418910475
791,-592.2856835316281
792,-326.3723044913695
793,527.573955431337
794,-175.9822322889267
795,555.3273243262527
796,-40.06219256947636
797,-242.90961184425637
798,466.47500983220993
799,209.7265782177996
800,112.47399028633913
801,655.9597092112738
802,-253.67288201364983
803,-143.1400643690271
804,261.90903344912437
805,-51.430524620989004
806,-646.53437149312
807,-114.1173064551286
808,126.14931118008057
809,204.593462858996
810,-300.3936136583132
811,-415.6867458895381
812,6.449152884280344
813,72.80107777482972
814,160.66087208145237
815,249.31168929181712
816,-248.2853452465632
817,7.830629922613688
818,-466.3838270166603
819,290.1514440445996
820,-309.0332065633395
821,528.6916611956269
822,372.49384793225187
823,-328.086266309686
824,-94.65873407724969
825,55.56919414045821
826,67.34382419031715
827,-533.6683812491304
828,-128.10863350344732
829,-542.9948584464195
830,54.63463967257874
831,182.66043483267805
832,-41.299485730892236
833,652.8127633917351
834,-336.96578073788714
835,99.96282019773712
836,811.790016336707
837,-346.2521160652981
838,103.69087960098418
839,487.7360812633342
840,120.89569101399098
841,-324.3296740543666
842,-136.41212971214526
843,-41.924430030977696
844,282.7029865802315
845,345.6203289702038
846,124.69798534752394
847,-206.11335283373376
848,155.93998583214102
849,-443.76722994338337
850,-273.3430034005985
851,195.9503308185454
852,-30.69004085139932
853,86.56778659815257
854,-312.2113618894968
855,41.00524696145768
856,307.67518019994714
857,532.9059494214042
858,260.1616805633805
859,362.0055075337357
860,101.32898120196585
861,38.44129613989323
862,20.267674753903865
863,117.44024988074659
864,573.6911827078557
865,-507.5920585145008
866,-211.7696267104571
867,-78.39989740428163
868,-319.57376765957366
869,-267.4465644183332
870,-780.8570319676236
871,50.22998055644211
872,-298.54901081716645
873,23.392386523117946
874,-76.29059741014929
875,-257.5974704642528
876,171.56436509796623
877,-121.6007831624893
878,-451.3737768554294
879,81.13533884268264
880,-212.55249317142733
881,-3.5349272290953015
882,-408.25548100018614
883,-158.6513319446581
884,238.398342016132
885,-133.0357232736991
886,-266.0840826060653
887,247.7427043819475
888,347.96654428323694
889,-511.3152428108659
890,21.81587121501835
891,-163.84140964229005
892,-472.56083639704894
893,-365.0082671512374
894,272.4371379322403
895,92.3737637489158
896,491.80814568465155
897,-200.03605813581095
898,144.31490824987313
899,-554.3580524199998
900,-449.3575578941601
901,565.0154801799595
902,446.31875807462023
903,309.697388187414
904,282.92794140775237
905,176.1976281899669
906,-315.1418517603803
907,612.3377931152996
908,274.25223124773055
909,-19.43617305856507
910,404.62544777052454
911,47.26648142698583
912,101.89624080960603
913,98.14809562777675
914,-231.35258244372002
915,136.33612319164362
916,-150.3100592679475
917,461.19954997878926
918,145.69015888427086
919,-405.82374187556013
920,-405.55256587509723
921,213.6739436505609
922,-204.80364027314363
923,-118.57063791050854
924,675.2302648290718
925,145.1619878685326
926,489.6870020199611
927,-173.76557459369172
928,89.69168465283613
929,239.0117915423099
930,-68.18000068660285
931,93.6667756151318
932,-196.55301722008332
933,-711.753444720095
934,-104.15023991148827
935,55.730039501230934
936,74.24035058478633
937,625.7495908769051
938,234.98688486875432
939,221.59294793875605
940,61.93159175679417
941,239.7364483344372
942,-21.338081818317168
943,180.16473629709012
944,14.918627995499113
945,-374.8656883482514
946,-397.5149288584039
947,114.66690843216287
948,-269.6162287989411
949,0.13921221448997934
950,-34.59484676069222
951,72.73402122667954
952,-188.8055631390373
953,-365.53367192345354
954,-67.59552255426449
955,19.501170139178818
956,212.782590138235
957,170.72284688263088
958,48.75605588201923
959,-239.44652279164683
960,409.7382051551791
961,399.86800565030927
962,18.693100459976737
963,165.76697195984343
964,-124.38945349671127
965,54.994523212788216
966,640.43207456487
967,7.578792735556953
968,-265.04763041001064
969,1.6927330910941905
970,18.51713362126921
971,-248.85163930169276
972,106.86193154650834
973,251.6391431209088
974,133.83773953640605
975,-358.2669613769329
976,426.2614473176428
977,71.97842246974045
978,-322.08755962522133
979,438.8402675015939
980,-40.13211449134238
981,283.8035686529256
982,-487.9061953325888
983,-86.93302825214876
984,-470.85015109168876
985,73.14648277315324
986,-688.3900989407982
987,392.4785675660399
988,-328.6310374955377
989,149.39160063469006
990,321.79311476060707
991,584.3930870450622
992,206.7572957002477
993,36.54822599700815
994,-37.77828521118739
995,-551.0517094651389
996,-107.85120387757132
997,-176.8060279535325
998,-356.88949117318214
999,418.4145841124777
1000,-26.13349601698427
1001,-213.9095136280301
1002,246.57978881987728
1003,-32.011024949713786
1004,-126.73258849582346
1005,26.914491557620938
1006,198.9219737629518
1007,-18.84355441470571
1008,-119.51484607641972
1009,-389.9037605310744
1010,-149.50928607147978
1011,-308.96203021469336
1012,-478.7771604137531
1013,-616.7291412522796
1014,-25.89082961138456
1015,-133.17659031686287
1016,-633.0587252293195
1017,-32.26329474560834
1018,28.795819581693873
1019,-290.00132364066025
1020,-168.024965392002
1021,-173.84102001973787
1022,107.27955415166534
1023,278.3287852070002
1024,164.7366518159129
1025,596.7860199506156
1026,737.7802177171225
1027,-57.04439870388603
1028,-20.381913027884764
1029,193.11140830024664
1030,150.95242220368186
1031,-340.8779258558673
1032,207.55657024653726
1033,-27.67472612589079
1034,-146.95165736571388
1035,-121.88066829612502
1036,144.47950532989097
1037,333.2095316788957
1038,-452.51312096804696
1039,-208.53684674422354
1040,265.84494752360973
1041,-86.1964595005011
1042,-456.0106179223633
1043,-377.73004720142706
1044,277.5566889704554
1045,-98.28816556864588
1046,-258.67741823285075
1047,508.5130216465916
1048,-27.829466767414345
1049,-397.83822522418916
1050,27.29423154804279
1051,55.46090696291107
1052,86.5244396150276
1053,-417.71826706416505
1054,265.0746921743698
1055,126.49537980057288
1056,-731.2337998933434
1057,26.768529070432105
1058,15.172424965472317
1059,603.1491770539616
1060,-68.51036908575962
1061,-630.1588497389256
1062,391.4398950451708
1063,191.26739771271528
1064,-82.79915889804437
1065,874.2798355716825
1066,130.1022096560788
1067,24.825257629837406
1068,10.015684555530646
1069,407.55355195098565
1070,184.9337224498376
1071,699.401340355084
1072,12.874182171248986
1073,-569.7950312054728
1074,-60.61826753027403
1075,-96.58944292586192
1076,19.66070835738349
1077,30.225969050065963
1078,-107.068582148357
1079,-23.44815302330971
1080,-16.563489755115143
1081,18.7673179985863
1082,145.95038182220657
1083,-428.10275660092134
1084,-158.1747761103731
1085,-44.37808089678766
1086,-411.2997705448304
1087,218.4210180820262
1088,141.2453078447531
1089,316.63475597059136
1090,93.68023982535557
1091,154.16405402565408
1092,-132.92025023590924
1093,-293.87357139530616
1094,485.30634558787716
1095,-271.2294815068555
1096,373.38314717843394
1097,-359.6695987563296
1098,-459.99230445069537
1099,209.05369852328386
1100,46.74008351487567
1101,-767.8965435991805
1102,-153.96946682570555
1103,-66.68289246156846
1104,-15.944035080886595
1105,16.075984344999956
1106,157.03893670157424
1107,585.6578635592911
1108,-259.638105979393
1109,264.48646669308613
1110,171.55865069952796
1111,182.0657255450836
1112,-336.8833733608887
1113,-403.23853870315514
1114,114.57772510795715
1115,161.83644349638897
1116,-628.044701000103
1117,242.0117530553867
1118,362.86303611765527
1119,60.71370640424366
1120,-359.31123121325754
1121,-379.0818795057243
1122,237.8377849497878
1123,-293.41750913992684
1124,-397.4513792029837
1125,159.5888560513274
1126,365.0374752135951
1127,-720.6128464897356
1128,500.1648657714839
1129,-11.265810006165129
1130,-69.35501502523664
1131,250.8656215596777
1132,-169.30678540802424
1133,120.43720692692533
1134,-39.95315782539328
1135,-520.8790659997454
1136,-631.1061053453725
1137,-189.45128724586834
1138,73.57078736644473
1139,39.63813193628222
1140,-459.83743877510335
1141,4.029071723496926
1142,-197.44889965681912
1143,62.38974256914584
1144,-186.44535236927027
1145,-133.60822019560143
1146,305.02297895286546
1147,-46.02246759214331
1148,-42.28147598500778
1149,-174.61342313977988
1150,-221.8174242781681
1151,-177.5825537147682
1152,-1.6457791602109246
1153,92.1956147289255
1154,380.6366433481228
1155,5.176285533507385
1156,-43.26413786036064
1157,138.56909768313554
1158,-644.2373399718069
1159,-264.0526485409808
1160,388.0771113359524
1161,-314.5755039675298
1162,68.59577885369629
1163,313.90250595866837
1164,-174.13638000550048
1165,75.24506091716451
1166,-48.30049653479215
1167,366.32813493054175
1168,-300.9531752245198
1169,52.29547497280759
1170,199.76450852884477
1171,-291.4521388811779
1172,-221.2552571419503
1173,-347.63373665011324
1174,-203.16973722565885
1175,-377.9229754446036
1176,-39.05990123872186
1177,-27.65770898692298
1178,-4.8400690110855455
1179,387.6931701816719
1180,173.07521100861626
1181,932.2704016789722
1182,-79.75948934966317
1183,140.83197737224953
1184,39.68402985812672
1185,443.52420804431387
1186,342.35994872023906
1187,-137.857952584063
1188,596.3305304911725
1189,207.64692642350687
1190,-628.7444696897279
1191,498.51770649884566
1192,-157.93924874004918
1193,351.10783976574226
1194,21.711333535600424
1195,-147.8588200554937
1196,204.5724627492825
1197,29.474618249414032
1198,121.43392964124456
1199,-565.6199353865649
1200,-229.61058695852773
1201,-46.80447710874312
1202,686.9993413504832
1203,-439.37600813835707
1204,-564.3067809262266
1205,-449.4452387206123
1206,-187.01337557795262
1207,63.71447075230575
1208,226.53217961129076
1209,-238.2619588660755
1210,8.031752667966696
1211,-360.6886941851461
1212,-123.99311613868916
1213,-388.86461946300335
1214,21.02586263144539
1215,-301.50187125630356
1216,215.87740831289602
1217,403.51021004979907
1218,435.6976033569258
1219,-107.10092088372282
1220,186.0469207837357
1221,347.569484739806
1222,258.8139591153058
1223,-431.37566148179457
1224,-169.35938198101982
1225,106.38668004303837
1226,11.406343347778272
1227,362.59620402956455
1228,-602.2073540911464
1229,707.5559184457962
1230,202.17491878205422
1231,-50.3371197676553
1232,-170.3294234532487
1233,-33.31137090394954
1234,194.4298349201149
1235,-358.58935096740464
1236,-212.26535326917684
1237,-291.42110382226264
1238,295.55761894971243
1239,-278.97338727308244
1240,23.653653300112005
1241,-64.4636109068394
1242,-550.5130672413396
1243,541.3432697524742
1244,95.06333041131455
1245,14.5982073746337
1246,108.60883519127053
1247,-390.9747091142416
1248,358.66641966089935
1249,-656.7373713546336
1250,39.621704040649256
1251,-112.10781397641924
1252,-3.9966181836035437
1253,-399.3487785294655
1254,-189.94215830266918
1255,25.70500325461986
1256,-514.3423090508973
1257,42.90338899647024
1258,-18.932652421564676
1259,-109.32309649965663
1260,-32.899091713947065
1261,-543.812002653854
1262,402.3710870309694
1263,36.24431537942685
1264,228.3040758000956
1265,346.3830222771362
1266,-401.2227069906857
1267,54.057197731366315
1268,6.862233348082776
1269,-3.812080565894183
1270,-445.45149197388815
1271,162.08751874326828
1272,176.36752501387235
1273,-516.9719819284378
1274,189.9931600934883
1275,-164.45712796519354
1276,174.20994712832814
1277,-510.0297763148835
1278,174.7848851098714
1279,-352.74632432728373
1280,-145.4609770896176
1281,456.9718611706637
1282,-463.51489067262816
1283,-363.5842764043932
1284,-157.84808228490223
1285,-195.36060962026076
1286,152.04068775685394
1287,-197.092267668818
1288,36.48096536871995
1289,993.2248779784678
1290,-387.02879318681585
1291,-6.616510882802317
1292,-272.0688608858397
1293,-138.59954551011222
1294,-105.03944861259994
1295,-21.529524404723688
1296,91.05719915022988
1297,-65.79119714947353
1298,164.47287710093633
1299,-17.997827027464247
1300,783.8866597139139
1301,-339.23112472431245
1302,-196.48456361783477
1303,357.2184954096842
1304,186.31062521156755
1305,138.094103684032
1306,-11.632461477737461
1307,175.80916373420254
1308,-224.617349832364
1309,68.85579641186783
1310,201.21113139003802
1311,257.87114287716196
1312,-432.8705595172995
1313,-893.9998008184401
1314,671.8650784658574
1315,-143.3726491912169
1316,622.238658666281
1317,179.38442629047037
1318,553.7744088919064
1319,133.39922116403923
1320,-278.76344183166617
1321,-316.6280409529858
1322,503.4156628826654
1323,282.68713599665745
1324,-192.34979075415154
1325,-266.5062159351743
1326,28.44209269197263
1327,-502.8106644889363
1328,-284.89716781774183
1329,334.32539610270504
1330,131.8555942163109
1331,-163.06900527507057
1332,207.69781044505112
1333,84.53775535541746
1334,26.259629066102125
1335,-255.92213730636612
1336,51.28290274248087
1337,-102.04962146231414
1338,160.43430410628454
1339,285.3933559563111
1340,-58.84096452168128
1341,103.10534910665999
1342,-294.31129301873364
1343,376.90749077827354
1344,69.80186693396965
1345,866.000188522609
1346,-39.372896580539326
1347,64.61420289331869
1348,-169.65603416906626
1349,-545.1873976320004
1350,-61.76963684753717
1351,-497.32028453380616
1352,462.2911105292883
1353,-153.26914250955394
1354,-206.00694145910407
1355,-139.67967903899984
1356,-86.31603500008436
1357,589.4439429065615
1358,213.3916236546708
1359,160.84269205249888
1360,189.14311879095595
1361,-353.6233316812048
1362,-195.46146888134814
1363,-130.97048784757112
1364,-411.89784821070873
1365,339.53611096103646
1366,278.70802857875594
1367,262.53933089099354
1368,-182.31524737855867
1369,312.59253988430754
1370,292.5069660284908
1371,-191.39812913021706
1372,97.19896589042854
1373,-323.0624519693477
1374,-641.6335236830929
1375,34.40431778594246
1376,332.6146395449389
1377,374.3942908011438
1378,79.74057443698337
1379,-175.66454148011815
1380,161.84977999054487
1381,247.70962726907902
1382,90.73858219236004
1383,406.91954278272493
1384,-128.29338404491415
1385,131.27330755535695
1386,729.3094416276257
1387,721.9516507762639
1388,-177.94000063372448
1389,709.5229020169656
1390,68.44182794627737
1391,-488.0481067137061
1392,152.7459391461741
1393,-239.25028478333516
1394,-147.28095714479562
1395,-45.20831857564783
1396,-222.12449344542713
1397,-332.61528388191795
1398,-119.36737582300566
1399,411.59761537416455
1400,165.38288375398903
1401,488.2754656867206
1402,224.1448993009876
1403,57.12319327873953
1404,264.66502019787174
1405,-126.75098294470834
1406,-376.20602059400693
1407,48.7913739177854
1408,420.1980640051409
1409,-415.55963971310655
1410,-45.07267871498845
1411,-169.48557453543253
1412,744.9633226613818
1413,-534.1845713199519
1414,-151.03112809100762
1415,577.935865469367
1416,46.726387390609794
1417,311.55408180561943
1418,357.30637658810633
1419,265.4127384398388
1420,-253.59736902535113
1421,-473.8813440500291
1422,12.688444605876043
1423,-132.56426690048835
1424,72.47381920348
1425,217.4358052292252
1426,-335.7785201122076
1427,-262.2046244768526
1428,95.5169832091016
1429,-209.18192024536086
1430,456.6356734923439
1431,308.430560197466
1432,-28.853731125680916
1433,-358.5178471510814
1434,128.31172677442572
1435,145.62472438145932
1436,95.66700803418283
1437,268.28354091308177
1438,-466.9244162464662
1439,-314.3209496912686
1440,344.7406648862782
1441,220.7075581367098
1442,-578.4755239012397
1443,174.8090781147958
1444,399.9414839607335
1445,732.6720966332523
1446,667.3027303329144
1447,-63.096512982720235
1448,245.90652202892116
1449,21.73019301949222
1450,-248.65264042472546
1451,-197.04075505174026
1452,-282.0464722650839
1453,-81.15238925755519
1454,52.365361603785445
1455,-2.257126778132937
1456,-758.8756116063788
1457,213.49145912248912
1458,-169.27147826397407
1459,184.72028865201435
1460,256.5643049747529
1461,-63.24889777651978
1462,-272.71787183732323
1463,135.79446347148968
1464,455.78074339530644
1465,-129.3563765217186
1466,62.87337039221822
1467,-386.85293789480363
1468,267.22765883611027
1469,287.2411869226286
1470,-52.09972865258695
1471,76.40695664839028
1472,-138.16215089737878
1473,203.55614864230725
1474,15.488711020265221
1475,-5.96808251696995
1476,-31.644142590968567
1477,221.5663023069246
1478,-687.002318206317
1479,483.78422314354077
1480,958.0223790880723
1481,191.59606092931148
1482,-58.58970557453813
1483,259.46230620404384
1484,-6.316757561912061
1485,-270.2884690000876
1486,-772.4642296251134
1487,-146.46331926199787
1488,-37.78146099301347
1489,331.5519575822491
1490,570.4745741117817
1491,-182.5998962757533
1492,-356.09408660693754
1493,84.14295121036322
1494,-115.72664179916788
1495,431.89838199540975
1496,-39.027608360855936
1497,28.163383062946014
1498,-54.06385343329381
1499,-259.9655378401631
1500,157.69687820480908
1501,-451.57353618095374
1502,482.55650486877437
1503,242.55694520910023
1504,-588.1137438098028
1505,81.01709689599404
1506,325.4067394440317
1507,-22.05223515065486
1508,-296.2785041973313
1509,299.0519135861381
1510,468.2699312239484
1511,-99.60746951487765
1512,5.278085447168375
1513,-101.94715017070962
1514,172.81543496338935
1515,-676.7207529529072
1516,-85.33458519818878
1517,117.54369571648208
1518,-83.62878738830463
1519,179.75562770163538
1520,-83.35296347452821
1521,-21.41917895221791
1522,292.12474624327626
1523,-100.16396087764991
1524,-295.44507824255794
1525,-196.19961546096434
1526,-90.4034979856593
1527,-58.114124094910416
1528,-400.3793446976423
1529,236.32717532971546
1530,-312.00489053945086
1531,448.89904737276515
1532,202.73550507695498
1533,94.92875456289642
1534,60.247307917509566
1535,-149.43663249088527
1536,406.78338146580245
1537,600.8120265364322
1538,-23.2635594607636
1539,-565.3127069056446
1540,156.44069172561186
1541,648.621546623953
1542,405.71979646874445
1543,261.8058313692997
1544,22.35608393501859
1545,238.41247473228847
1546,164.56802375270345
1547,-83.34674114858291
1548,209.77491982449382
1549,-198.9743774153061
1550,-78.73473210337319
1551,27.732488101925167
1552,450.3167950749099
1553,-78.31520558005106
1554,-267.6389063338029
1555,348.33187445465825
1556,-404.4550391740692
1557,330.0959394936931
1558,-532.970558743598
1559,530.1667228331003
1560,-741.0568046410548
1561,478.6495234473417
1562,164.63187921356106
1563,-449.71075314711993
1564,-412.11481107834163
1565,219.12773907510712
1566,-378.68930950300256
1567,368.7333880545331
1568,37.33842695846697
1569,396.49349500405447
1570,-29.32979471853545
1571,35.47525183909034
1572,-267.2910755568138
1573,-417.34657979130816
1574,-250.30106527663605
1575,-228.95720009218599
1576,692.2513473375051
1577,-411.1573720657517
1578,482.3211788825018
1579,109.4038692230885
1580,547.6205815138985
1581,179.88426508469283
1582,-521.5793101895086
1583,-0.536672220208434
1584,-1.3108832742808991
1585,-248.05083145629538
1586,-243.06806182013395
1587,199.5673007517008
1588,381.3240432569335
1589,-393.16880388739605
1590,138.2324527613485
1591,34.24105569799011
1592,-4.629154614118462
1593,-151.8619312819596
1594,335.54637222708845
1595,-93.14529808270665
1596,507.75321866389544
1597,-355.4656205338209
1598,143.0897843816091
1599,137.94688403626986
1600,-151.0460060438972
1601,-19.601773692469134
1602,105.84882713406154
1603,-172.78518998126486
1604,482.12726370999667
1605,-267.5391741332549
1606,39.905555786129874
1607,-52.85579653107477
1608,-21.222446731207437
1609,155.3798934610841
1610,-96.06927783501578
1611,-163.17530409699765
1612,-180.3657397735499
1613,-264.67843452359944
1614,171.42795164643695
1615,-11.457713362940634
1616,239.99734190689594
1617,-39.849953838416894
1618,-211.74160655795808
1619,-354.1693561735647
1620,72.47946295208926
1621,306.8202044401947
1622,10.710238479162724
1623,-367.9516429972723
1624,280.99867828490034
1625,607.134278995201
1626,226.07866695706977
1627,565.9296380146839
1628,-147.76747216989878
1629,-314.0375602749042
1630,-180.04553525209022
1631,51.27097737987245
1632,-118.81984221413516
1633,-258.26062194274664
1634,-229.8371302020441
1635,200.36475862315373
1636,-348.07141756401035
1637,-584.860865972546
1638,-4.929876831026226
1639,-163.4422148166998
1640,87.02751929857068
1641,41.56663504345327
1642,-494.8904637770152
1643,-60.88771120297742
1644,-173.55136971975034
1645,181.2645211802147
1646,-51.32570908677209
1647,43.95099730518144
1648,-517.9818134858793
1649,-355.5526669032845
1650,272.4021668773391
1651,490.63038344697185
1652,-37.23470686782222
1653,100.19178117716086
1654,32.26474311667029
1655,342.38399589459436
1656,-274.38399640567343
1657,-461.5994801818371
1658,399.1178188156309
1659,59.94166241926546
1660,-119.02693796298024
1661,-281.70905159748963
1662,-127.6286844483184
1663,-556.5819101778266
1664,-79.37923441221595
1665,-84.28398755175103
1666,-212.85815433361944
1667,72.29858467981188
1668,-416.4589989203811
1669,-151.39277066781816
1670,-112.94325746656679
1671,-386.99760536798175
1672,553.3497133654175
1673,-80.93783458087131
1674,265.6051645120159
1675,498.06450504154606
1676,447.88340767692705
1677,-162.95338863409168
1678,121.20351520651857
1679,106.02342845843148
1680,340.5063554149731
1681,4.314416762779344
1682,-92.64783669165628
1683,-354.12957712883616
1684,214.007476532424
1685,-345.6914287422611
1686,-271.8022086291168
1687,426.30907737815335
1688,-37.757507170521656
1689,-180.4634572378349
1690,-97.58231078807259
1691,347.8223132335276
1692,-237.0130908039775
1693,118.12311870118641
1694,681.4766679385025
1695,275.66334489092714
1696,185.1648163995733
1697,-13.159363367315159
1698,274.07224748718966
1699,178.76102965588072
1700,-178.98039516140588
1701,391.8425175864851
1702,-308.949941096978
1703,-324.83621594838934
1704,262.08713574306677
1705,398.52106409404115
1706,-368.2548804329618
1707,-181.1825114378498
1708,-166.41347208747638
1709,68.98755258725282
1710,-249.49012878431418
1711,443.60337484329
1712,13.650459883849672
1713,-212.5303785237197
1714,-27.91541871223533
1715,-240.79982184571293
1716,-142.88309144793863
1717,-285.8343043909043
1718,460.6316686800939
1719,-225.10788029950731
1720,97.82651932861725
1721,350.58725687428455
1722,378.82385166848866
1723,-3.884845525271011
1724,-260.948288566836
1725,-64.56158617381581
1726,-270.6032841666922
1727,-569.4207476943706
1728,142.46838399488
1729,228.15231792746994
1730,170.90589405270887
1731,-88.7330059811647
1732,179.5851459685303
1733,176.78682556049213
1734,-56.2705743482398
1735,-185.87258729682753
1736,100.44658731096844
1737,-63.66217954558679
1738,623.2061139971229
1739,-122.16898105378301
1740,-216.57264126812376
1741,-130.98097450073766
1742,-293.82665858937656
1743,167.92384362730152
1744,9.259507593414652
1745,-587.4956962603301
1746,304.724809418476
1747,251.46359511685193
1748,-304.06096774524366
1749,108.0433695754574
1750,-218.6718997979014
1751,-105.13018388543632
1752,121.35633108715739
1753,-302.9640413485004
1754,529.6616399285891
1755,-224.5501111509538
1756,688.8598020995768
1757,121.62140840748395
1758,495.8633096373991
1759,-104.89700800321233
1760,-39.403692827713726
1761,-218.43393840893623
1762,-242.07542923760528
1763,328.46917366164985
1764,-121.57062322437338
1765,-351.96132723645553
1766,235.89654336008908
1767,211.8433161338346
1768,581.9859083831257
1769,-187.81685176717485
1770,-88.20353056281344
1771,-121.2631828216142
1772,-682.3449315356834
1773,-61.45599357158233
1774,69.00904133898295
1775,132.8948728469887
1776,41.64682074346469
1777,-513.1698248834693
1778,216.7434409233488
1779,-533.8087878872984
1780,-467.1030650315726
1781,39.69398965514788
1782,178.8448375901776
1783,-255.91268436083155
1784,468.6909720129371
1785,-959.1458675174447
1786,201.86251191588593
1787,-282.56870707573836
1788,-392.43495156660146
1789,-219.6877577980358
1790,169.59302266781103
1791,-21.89566576933691
1792,-242.27992228725796
1793,35.58886075134623
1794,336.4403335300453
1795,-63.33152033000728
1796,-4.446048273788604
1797,-312.31536571456
1798,14.581415571942436
1799,-258.2235127345504
1800,725.8387913302861
1801,-303.8280646204
1802,-726.1845220640324
1803,93.4226836944143
1804,92.79798258371972
1805,342.41232925067254
1806,856.1825394344149
1807,-54.883147062184754
1808,-213.13720641425206
1809,-365.08354888495046
1810,-733.4819620034928
1811,-206.05838193577736
1812,-418.2722352600783
1813,358.804469470952
1814,-260.6223453246662
1815,546.2345722587842
1816,187.4494866560298
1817,-22.03398290079559
1818,88.73051702341272
1819,-243.13847978487826
1820,-41.379666278953195
1821,-543.6240241200891
1822,840.8060354669686
1823,402.824221818664
1824,79.42070559550214
1825,473.38979426396503
1826,-57.645490046816214
1827,210.1128672724436
1828,-185.75745290109995
1829,22.769138003584626
1830,940.7468340773529
1831,-442.70666780215504
1832,-475.2447822521944
1833,-339.99428398162064
1834,541.6463647301904
1835,333.49907956467405
1836,-765.4962533792759
1837,91.19318918087036
1838,164.4507322896633
1839,274.6128331227398
1840,263.1882538980364
1841,303.6223346767655
1842,-92.18952553795914
1843,208.97371337568276
1844,-170.0341905096185
1845,41.55819635804787
1846,-670.8313651099263
1847,452.6593777040707
1848,741.8102612544457
1849,420.552411504072
1850,400.35300244817824
1851,-181.64239575564164
1852,162.04635840200615
1853,2.748093609334261
1854,534.6906446334289
1855,145.05936874351394
1856,245.63977352375383
1857,192.70633663605093
1858,486.573986371649
1859,525.2699999852697
1860,172.00159142779086
1861,342.56191471401826
1862,-338.44880989512313
1863,99.9713350438033
1864,-176.90171781690162
1865,316.4260102039334
1866,-637.4632411206265
1867,74.53335736390262
1868,-319.60935418344957
1869,-234.07357196963457
1870,238.83176324556368
1871,684.2995158543795
1872,-273.3939469063452
1873,229.49387382849673
1874,-191.42805181835257
1875,591.7365509012396
1876,-357.71707695786796
1877,279.34920279935295
1878,16.385346982374646
1879,1015.2321071191626
1880,-44.2476486701155
1881,-259.1203848495994
1882,6.686312571179879
1883,113.4176595002542
1884,164.36906042910462
1885,-219.79091064314093
1886,-50.91215016522434
1887,234.69378482921502
1888,-225.7460471560142
1889,-124.5680611202308
1890,89.33080634586034
1891,-24.039822321153522
1892,949.8138509171481
1893,21.685293242949953
1894,-333.06691562171125
1895,51.63526677112883
1896,-328.74705891806974
1897,-622.2335618237705
1898,-406.8257232673666
1899,-126.380838161571
1900,-298.3568340444092
1901,-494.632402732851
1902,579.0223407583974
1903,170.42489512238092
1904,160.451272789015
1905,-127.53245750920995
1906,116.51260749164098
1907,137.24483689523427
1908,-1.2351263056277677
1909,613.2508183966252
1910,435.2344808605932
1911,160.3869671002336
1912,-185.47388977034964
1913,188.64065599401084
1914,-610.5603513173592
1915,23.714657186398227
1916,-97.90469140459425
1917,-120.6134540859726
1918,353.0787173357871
1919,-18.44288750529574
1920,-120.28546893417406
1921,15.392910103856575
1922,185.8069680477446
1923,845.6527630055805
1924,349.4593287705589
1925,45.892637236967154
1926,-7.237928751003023
1927,-164.71617083395904
1928,107.29963692985856
1929,-99.60009978114877
1930,48.61636926930527
1931,41.19970604370455
1932,661.6732170958677
1933,305.9589879497773
1934,500.41107558682955
1935,-231.16099217574578
1936,334.17773249932037
1937,-326.4023426632569
1938,-574.1806195838045
1939,148.54087270945337
1940,613.9878825912859
1941,184.52036741988667
1942,-216.10046725875623
1943,-616.0735283229855
1944,127.46984067426956
1945,-96.8815543927489
1946,-167.71203784394524
1947,-349.9469948861907
1948,6.61486712692858
1949,543.2797064068866
1950,-362.78103146834076
1951,-330.05741949466386
1952,347.0145487363186
1953,526.4307732934473
1954,-69.34252030456797
1955,368.08942932477305
1956,381.7237196417372
1957,345.8528403280859
1958,-204.68981318862083
1959,157.8972183189647
1960,-967.3833642179115
1961,527.9548197579925
1962,-338.8496057859543
1963,609.1811386017583
1964,381.11662058979994
1965,-18.351583240230358
1966,-92.24291830783274
1967,-166.08686551614534
1968,-173.93959945806185
1969,-221.13734204317558
1970,-228.37612245128483
1971,198.06160680945953
1972,-713.0064769343022
1973,-89.68186474183324
1974,-480.00457016778233
1975,-271.7333959227006
1976,565.3236399366706
1977,96.11148263233191
1978,178.61335856961432
1979,-61.174332454704775
1980,-368.6916872400583
1981,4.847746578177427
1982,414.4138213444006
1983,-760.3183167930503
1984,84.91271532686015
1985,-251.84732552028726
1986,280.70758458952184
1987,-391.250278251076
1988,608.4991171703743
1989,-27.808460607211057
1990,-123.41411926925814
1991,-130.82924419407948
1992,18.553068892598972
1993,-433.1653758772137
1994,-303.70912611646406
1995,464.71525498507975
1996,496.4853344672789
1997,-35.13540941579616
1998,-131.67918453438477
1999,417.26915462133275
